{
  "firewalls": [
     {
      "name": "BJ",
      "type": "华为",
      "security_domains": [
        {
          "name": "OUT",
          "ip_ranges": ["0.0.0.0/0"],
          "connected_firewalls": [{"firewall": "ICL-FW1", "via_domain": "OUT"},{"firewall": "GCL-FW1", "via_domain": "CORE"},
            {"firewall": "OM-FW1", "via_domain": "Untrust"},{"firewall": "KB-FW1", "via_domain": "OUT"},
            {"firewall": "GB-FW1", "via_domain": "Untrust"}
          ]
        }
      ]
    },
    {
      "name": "ICL-FW1",
      "type": "华为",
      "security_domains": [
        {
          "name": "CINT_DMZ",
          "ip_ranges": ["10.246.240.0/20","10.247.240.0/20"]
        },
        {
          "name": "INT_DMZ",
          "ip_ranges": ["10.246.224.0/20","10.247.224.0/20"]
        },
        {
          "name": "OUT",
          "ip_ranges": [],
          "connected_firewalls": [{"firewall": "BJ", "via_domain": "BJ"}]
        }
      ]
    },
    {
      "name": "ICL-FW3",
      "type": "华为",
      "security_domains": [
        {
          "name": "OUT",
          "ip_ranges": [],
          "connected_firewalls": [
            {"firewall": "OM-FW1", "via_domain": "XA_OM_OMS"}
          ]
        },
        {
          "name": "Public",
          "ip_ranges": ["10.253.16.0/20","10.253.32.0/22"]
        },
        {
          "name": "DMZ",
          "ip_ranges": ["10.253.32.0/24"]
        }
      ]
    },
    {
      "name": "GCL-FW1",
      "type": "华为",
      "security_domains": [
        {
          "name": "CORE",
          "ip_ranges": [],
          "connected_firewalls": [{"firewall": "BJ", "via_domain": "BJ"}]
        },
        {
          "name": "GBS",
          "ip_ranges": ["10.242.0.0/16","10.244.0.0/16","10.246.0.0/25"]
        },
        {
          "name": "IBS",
          "ip_ranges": ["10.240.0.0/16","10.241.0.0/16"]
        },
        {
          "name": "AV",
          "ip_ranges": ["10.246.128.0/20","10.247.128.0/20"]
        },
        {
          "name": "ES",
          "ip_ranges": ["10.246.144.0/20","10.247.144.0/20"]
        },
        {
          "name": "OM",
          "ip_ranges": ["10.246.208.0/20","10.247.208.0/20"]
        },
        {
          "name": "ZSC",
          "ip_ranges": ["10.248.0.0/16","10.249.0.0/16"]
        },
        {
          "name": "EOS",
          "ip_ranges": ["10.246.160.0/20","10.247.160.0/20"]
        },
        {
          "name": "ETS",
          "ip_ranges": ["10.246.176.0/20","10.247.176.0/20"]
        },
        {
          "name": "MC",
          "ip_ranges": ["10.246.192.0/20","10.247.192.0/20"]
        },
        {
          "name": "GBS",
          "ip_ranges": ["10.243.0.0/16","10.245.0.0/16","10.247.0.0/17"]
        }
      ]
    },
     {
      "name": "GCL-FW3",
      "type": "华为",
      "security_domains": [
        {
          "name": "Public",
          "ip_ranges": ["10.253.118.0/23","10.253.120.0/21","10.253.128.0/20","10.253.144.0/21","10.253.152.0/22"]
        },
        {
          "name": "DMZ",
          "ip_ranges": ["10.253.130.0/24"]
        },
        {
          "name": "OUT",
          "ip_ranges": [],
          "connected_firewalls": [{"firewall": "OM-FW1", "via_domain": "XA_OM_OMS"}]
        }
      ]
    },
      {
      "name": "KB-FW1",
      "type": "H3C",
      "security_domains": [
        {
          "name": "Trust",
          "ip_ranges": ["10.250.48.0/20"]
        },
        {
          "name": "OUT",
          "ip_ranges": [],
          "connected_firewalls": [
            {"firewall": "BJ", "via_domain": "BJ"}
          ]
        }
      ]
    },
    {
      "name": "GB-FW1",
      "type": "华为",
      "security_domains": [
        {
          "name": "XA_GB_IBS",
          "ip_ranges": ["10.250.64.0/20"]
        },
        {
          "name": "XA_GB_GBS",
          "ip_ranges": ["10.250.96.0/20","10.250.128.0/20"]
        },
        {
          "name": "XA_GB_AV",
          "ip_ranges": ["10.250.160.0/20"]
        },
        {
          "name": "XA_GB_ES",
          "ip_ranges": ["10.250.176.0/21"]
        },
        {
          "name": "XA_GB_ZSC",
          "ip_ranges": ["10.250.184.0/21"]
        },
        {
          "name": "Untrust",
          "ip_ranges": [],
          "connected_firewalls": [
            {"firewall": "BJ", "via_domain": "BJ"}
          ]
        }
      ]
    },
    {
      "name": "OM-FW1",
      "type": "H3C",
      "security_domains": [
        {
          "name": "XA_OM_ECC",
          "ip_ranges": ["10.252.0.0/20"]
        },
        {
          "name": "XA_OM_OMS",
          "ip_ranges": ["10.252.8.0/21","10.250.16.0/20","10.250.32.0/19"],
          "connected_firewalls": [{"firewall": "ICL-FW3", "via_domain": "OUT"},{"firewall": "GCL-FW3", "via_domain": "CORE"}]
        },
        {
          "name": "Untrust",
          "ip_ranges": [],
          "connected_firewalls": [{"firewall": "BJ", "via_domain": "BJ"}]
        }
      ]
    },
    {
      "name": "OBM-FW1",
      "type": "华为",
      "security_domains": [
        {
          "name": "INS",
          "ip_ranges": ["10.252.64.0/21"]
        },
        {
          "name": "OA",
          "ip_ranges": ["10.239.142.0/24","10.239.143.0/24"]
        },
        {
          "name": "CB",
          "ip_ranges": ["10.252.128.0/17","10.252.96.0/19","10.252.80.0/20","10.252.72.0/21"]
        },
        {
          "name": "TINT",
          "ip_ranges": ["10.239.128.0/24"]
        },
        {
          "name": "DT",
          "ip_ranges": ["10.239.134.0/24","10.239.135.0/24"]
        },
        {
          "name": "TB",
          "ip_ranges": ["10.239.129.0/24","10.239.130.0/24","10.239.131.0/24","10.239.132.0/24","10.239.133.0/24","10.239.137.0/24"]
        },
        {
          "name": "OUT",
          "ip_ranges": [],
          "connected_firewalls": [
            {"firewall": "BJ", "via_domain": "BJ"}
          ]
        }
      ]
    },
    {
      "name": "TB-Cloud-FW1",
      "type": "华为",
      "security_domains": [
        {
          "name": "DEV",
          "ip_ranges": ["10.238.0.0/21"]
        },
        {
          "name": "PT",
          "ip_ranges": ["10.238.8.0/21"]
        },
        {
          "name": "PL1",
          "ip_ranges": ["10.238.16.0/21"]
        },
        {
          "name": "PL2",
          "ip_ranges": ["10.238.24.0/21"]
        },
        {
          "name": "PL3",
          "ip_ranges": ["10.238.32.0/21"]
        },
        {
          "name": "POC",
          "ip_ranges": ["10.238.40.0/21"]
        },
        {
          "name": "MG_MT",
          "ip_ranges": ["10.238.48.0/21"]
        },
        {
          "name": "DMZ_Internet",
          "ip_ranges": ["10.238.56.0/21"]
        },
        {
          "name": "DMZ_WL",
          "ip_ranges": ["10.238.60.0/22"]
        },
        {
          "name": "OUT",
          "ip_ranges": [],
          "connected_firewalls": [
            {"firewall": "BJ", "via_domain": "BJ"}
          ]
        }
      ]
    },
    {
      "name": "TB-FW3",
      "type": "华为",
      "security_domains": [
        {
          "name": "Public",
          "ip_ranges": ["10.238.144.0/23","10.238.146.0/23","10.238.148.0/23","10.238.149.128/25","10.238.150.0/24","10.238.153.0/24"]
        },
        {
          "name": "DMZ",
          "ip_ranges": ["10.238.154.0/24"]
        },
        {
          "name": "OUT",
          "ip_ranges": [],
          "connected_firewalls": [
            {"firewall": "BJ", "via_domain": "BJ"}
          ]
        }
      ]
    },
    {
      "name": "FA-FW01",
      "type": "华为",
      "security_domains": [
        {
          "name": "Trust",
          "ip_ranges": ["10.236.0.0/16"]
        },
        {
          "name": "OUT",
          "ip_ranges": [],
          "connected_firewalls": [
            {"firewall": "BJ", "via_domain": "BJ"}
          ]
        }
      ]
    },
       {
      "name": "TE-FA-FW01",
      "type": "华为",
      "security_domains": [
        {
          "name": "Trust",
          "ip_ranges": ["10.237.0.0/16"]
        },
        {
          "name": "OUT",
          "ip_ranges": [],
          "connected_firewalls": [
            {"firewall": "BJ", "via_domain": "BJ"}
          ]
        }
      ]
    }
  ],
  "global_acl": [
    {"source_zone": "CINT_DMZ","destination_zone": "INT_DMZ","action": "deny"},{"source_zone": "INT_DMZ","destination_zone": "CINT_DMZ","action": "deny"}
  ],
  "explicit_paths": [
    {
      "start": {"firewall": "FW11", "domain": "DMZ"},
      "end": {"firewall": "FW21", "domain": "test"},
      "path": [["FW1", "DMZ"],["FW1", "CINT"], ["FW1", "OUT"],["FW2", "ICL"], ["FW2", "test"]]
    }
  ]
}